Filename,quicksort,mergesort,selectionsort,insertionsort,bubblesort,linearsearch,binarysearch,linkedlist,hashmap
allSortingAlgo.py,0,0,0,0,0,0,0,0,0
QuickSelection.java,0,0,0,0,0,0,0,0,0
select.py,1,0,1,0,0,0,0,0,0
selection_sort (2).py,0,0,1,0,0,0,0,0,0
selection_sort (3).py,0,0,1,0,0,0,0,0,0
selection_sort (4).py,0,0,1,0,0,0,0,0,0
selection_sort (5).py,0,0,1,0,0,0,0,0,0
selection_sort (6).py,0,0,1,0,0,0,0,0,0
selection_sort (7).py,0,0,1,0,0,0,0,0,0
selection_sort_exercise_solution.py,0,0,1,0,0,0,0,0,0
selection_sort.py,0,0,1,0,0,0,0,0,0
selection_sortion.py,0,0,1,0,0,0,0,0,0
selection-sort-new.js,0,0,1,0,0,0,0,0,0
selection-sort.js,0,0,0,0,0,0,0,0,0
Selection.java,0,0,1,0,0,0,0,0,0
SelectionSort (2).java,0,0,1,0,0,0,0,0,0
selectionsort (2).py,0,0,1,0,0,0,0,0,0
selectionSort (3).py,0,0,1,0,0,0,0,0,0
SelectionSort.java,0,0,1,0,0,0,0,0,0
SelectionSort.js,0,0,1,0,0,0,0,0,0
selectionSort.py,0,0,1,0,0,0,0,0,0
SelectionSortImple.py,0,0,1,0,0,0,0,0,0
Sort.py,1,1,1,1,1,0,0,0,0
Sorting.java,0,1,0,1,0,0,0,0,0
sorting.py,1,1,1,1,1,0,0,0,0
